"resmarker","AA","mean_freq","FEMcoded"
"dhfr_108","N",0.885012577305551,1
"dhfr_108","S",0.592592700618981,0
"dhfr_108","T",0.158055698521328,0
"dhfr_51","I",0.895097933186931,1
"dhfr_51","N",0.806078707047312,0
"dhfr_59","C",0.806195888945577,0
"dhfr_59","R",0.89505286322606,1
"dhps_431","I",1,1
"dhps_437","A",0.807416400779554,0
"dhps_437","G",0.894583435597608,1
"dhps_540","E",0.871425263129862,1
"dhps_540","K",0.749264392042552,0
"dhps_581","A",0.999791338217565,1
"dhps_581","G",0.0100157655568951,0
