"resmarker","AA","mean_freq","FEMcoded"
"dhfr_108","N",0.82707100126285,0
"dhfr_108","S",0.836237713736979,1
"dhfr_108","T",0.158055698521328,0
"dhfr_51","I",0.823710878886999,0
"dhfr_51","N",0.875667211077398,1
"dhfr_59","C",0.870576312732848,1
"dhfr_59","R",0.796394993699325,0
"dhps_431","I",0.99797634534772,1
"dhps_431","V",0.699329983249581,0
"dhps_437","A",0.600248910729677,0
"dhps_437","G",0.945111775822591,1
"dhps_540","E",0.876494414666121,0
"dhps_540","K",0.937838897140713,1
"dhps_581","A",0.998048783566181,1
"dhps_581","G",0.677268170779224,0
